{"cameraMode":{"drawMode":0,"name":"Shaded","section":"Shading Mode"},"sceneLighting":false,"audioPlay":false,"sceneViewState":{"m_AlwaysRefresh":false,"showFog":true,"showSkybox":false,"showFlares":true,"showImageEffects":true,"showParticleSystems":true,"showVisualEffectGraphs":true,"m_FxEnabled":true},"in2DMode":false,"pivot":{"x":-1.9937635660171509,"y":-2.0184030532836916,"z":1.7425248622894288},"rotation":{"x":-0.3061220049858093,"y":0.08183946460485459,"z":-0.026426393538713456,"w":-0.9481151103973389},"size":8.359920501708985,"orthographic":false}