{"cameraMode":{"drawMode":0,"name":"Shaded","section":"Shading Mode"},"sceneLighting":true,"audioPlay":false,"sceneViewState":{"m_AlwaysRefresh":false,"showFog":true,"showSkybox":true,"showFlares":true,"showImageEffects":true,"showParticleSystems":true,"showVisualEffectGraphs":true,"m_FxEnabled":true},"in2DMode":false,"pivot":{"x":490.3106689453125,"y":249.09188842773438,"z":-220.64903259277345},"rotation":{"x":0.0038892547599971296,"y":-0.002061116974800825,"z":0.00019105807587038726,"w":-1.0000783205032349},"size":15.313538551330567,"orthographic":false}