{"cameraMode":{"drawMode":0,"name":"Shaded","section":"Shading Mode"},"sceneLighting":false,"audioPlay":false,"sceneViewState":{"m_AlwaysRefresh":false,"showFog":true,"showSkybox":false,"showFlares":true,"showImageEffects":true,"showParticleSystems":true,"showVisualEffectGraphs":true,"m_FxEnabled":true},"in2DMode":false,"pivot":{"x":22.20000457763672,"y":-0.10004329681396485,"z":-7.800009727478027},"rotation":{"x":0.1443967968225479,"y":0.01008873526006937,"z":-0.0014704506611451507,"w":0.9894763827323914},"size":54.58428955078125,"orthographic":false}