{"cameraMode":{"drawMode":0,"name":"Shaded","section":"Shading Mode"},"sceneLighting":false,"audioPlay":false,"sceneViewState":{"m_AlwaysRefresh":false,"showFog":true,"showSkybox":false,"showFlares":true,"showImageEffects":true,"showParticleSystems":true,"showVisualEffectGraphs":true,"m_FxEnabled":true},"in2DMode":false,"pivot":{"x":-1.2187128067016602,"y":-3.1831886768341066,"z":1.8104439973831177},"rotation":{"x":-0.41728317737579348,"y":0.035974595695734027,"z":-0.01654231734573841,"w":-0.9079286456108093},"size":7.890249729156494,"orthographic":false}