{"cameraMode":{"drawMode":0,"name":"Shaded","section":"Shading Mode"},"sceneLighting":false,"audioPlay":false,"sceneViewState":{"m_AlwaysRefresh":false,"showFog":true,"showSkybox":false,"showFlares":true,"showImageEffects":true,"showParticleSystems":true,"showVisualEffectGraphs":true,"m_FxEnabled":true},"in2DMode":false,"pivot":{"x":0.11461162567138672,"y":-0.8720483779907227,"z":-0.9767875671386719},"rotation":{"x":0.1443967968225479,"y":0.01008873526006937,"z":-0.0014704506611451507,"w":0.9894763827323914},"size":24.7831974029541,"orthographic":false}