{"cameraMode":{"drawMode":0,"name":"Shaded","section":"Shading Mode"},"sceneLighting":false,"audioPlay":false,"sceneViewState":{"m_AlwaysRefresh":false,"showFog":true,"showSkybox":false,"showFlares":true,"showImageEffects":true,"showParticleSystems":true,"showVisualEffectGraphs":true,"m_FxEnabled":true},"in2DMode":false,"pivot":{"x":-28.089784622192384,"y":-0.000014543533325195313,"z":-6.00791072845459},"rotation":{"x":-0.18184438347816468,"y":-0.14230303466320039,"z":0.0265449620783329,"w":-0.9726850390434265},"size":8.564234733581543,"orthographic":false}