{"cameraMode":{"drawMode":0,"name":"Shaded","section":"Shading Mode"},"sceneLighting":false,"audioPlay":false,"sceneViewState":{"m_AlwaysRefresh":false,"showFog":true,"showSkybox":false,"showFlares":true,"showImageEffects":true,"showParticleSystems":true,"showVisualEffectGraphs":true,"m_FxEnabled":true},"in2DMode":false,"pivot":{"x":-0.007842645049095154,"y":8.176647186279297,"z":-16.57111930847168},"rotation":{"x":-0.1998589038848877,"y":-0.03209615498781204,"z":0.006527439691126347,"w":-0.9793446063995361},"size":0.000020542773199849762,"orthographic":false}